<!DOCTYPE html><html xmlns="http://www.w3.org/1999/xhtml">
   <head>
      <title>Organizations in Digital Mitford</title>
   </head>
   <body>
      <h1>Digital Mitford Lists of Organizations</h1>
      <ol>
         <li>Archives Holding Mitford’s Papers
            <ul>
               <li>Baylor University, Armstrong Browning LibraryBerkshire Record OfficeBritish LibraryBoston
                  Public LibraryCambridge University: Fitzwilliam MuseumDuke University Rubenstein LibraryEton
                  CollegeFlorida State University Special CollectionsThe Women’s Library, GlasgowHoughton
                  Library, HarvardHuntington LibraryUniversity of Iowa Special CollectionsMassachusetts
                  Historical SocietyNew York Public LibraryOxford University, Balliol College ArchivesOxford
                  University, Bodleian LibraryReading Central LibraryJohn Ruskin Library, LancasterThe
                  John Rylands LibraryNational Library of Scotland, Manuscript CollectionsUniversity
                  of Texas, Ransom CenterUniversity of Reading Special CollectionsUniversity of Virginia
                  Special CollectionsWellesley College, Margaret Clapp Library, Special CollectionsWordsworth
                  TrustYale University, Beineke Library</li>
            </ul>
         </li>
         <li>Organizations Relevant to Mitford’s World
            <ul>
               <li>AmericansBilliard ClubHouse of BourbonCavaliersCourt of ChanceryChurch of EnglandClarendon
                  Pressthe Cockney SchoolCourt of King’s BenchDrover familyEton CollegeHampden ClubHigh
                  Court of JusticeCommissioners of the High Court of JusticeCommissionersHolland House
                  circleHolland House setHouse of CommonsHouse of LordsItaliansThe Society of Jesusthe
                  KemblesMarylebone Cricket ClubHouse of MediciMinerva Press
                  Mitford
                  Mr.and Mrs.Mitfordthe Moncks, family of John Berkeley
                  Monck
                  Members of Parliament
                  New Model ArmyPalmeritethe Parfitt’sParliamentCourt of Pope Pius VIIPrelacyPrelatesthe
                  Presybterian factionPeace PartyPrivy CouncilRichmond Coach or StageRoyal Academy of
                  Artsthe people of ScotlandScotchScotsScotchmenScriblerus ClubScriblerians
                  Slade
                  Taylor and HesseyTory PartyTwickenham Coach or Stage
                  Valpy
                  the Valpys
                  Webb
                  
                  Weylanditethe Whig party</li>
            </ul>
         </li>
         <li>Fictional Groups Referenced by Mitford
            <ul></ul>
         </li>
      </ol>
   </body>
</html>